Player Name,Position,Touches,Shots,Progressive Carries,Interceptions,fThird Passes,Successful fThird Passes%,Crosses,Successful Crosses%,Ground Duels,gDuels Won%
Ben White,DEF,62.57929883138564,0.6761268781302171,22.237061769616027,1.7278797996661102,53.63939899833055,0.8291316526610645,3.8313856427378967,0.196078431372549,17.353923205342237,0.5021645021645021
Bukayo Saka,MID,56.749279538904894,3.4755043227665703,3.579250720461095,0.7780979827089338,2.8530259365994235,0.6,0.05187319884726225,0.0,3.00864553314121,0.5862068965517241
Declan Rice,MID,64.04518178609247,1.5248852806212496,8.259795270031768,0.41298976350158845,15.248852806212495,0.7583333333333333,2.0014119308153897,0.1111111111111111,10.864807624426403,0.3538011695906433
Gabriel Jesus,FWD,48.95522388059701,2.985074626865672,0.0,0.0,0.0,0.0,0.0,0.0,0.0,0.0
Gabriel Magalhães,DEF,72.723044397463,0.8372093023255813,8.219873150105707,0.19027484143763215,12.900634249471459,0.7492625368731564,3.386892177589852,0.2359550561797752,7.839323467230444,0.3737864077669903
Gabriel Martinelli,MID,42.37826086956522,2.1521739130434785,4.304347826086957,0.391304347826087,8.217391304347826,0.6285714285714286,0.3521739130434783,0.1111111111111111,9.273913043478261,0.4683544303797468
Jakub Kiwior,DEF,69.37332139659803,0.24171888988361684,4.189794091316025,0.7251566696508506,10.63563115487914,0.7045454545454546,2.0948970456580125,0.2307692307692307,4.270367054610564,0.5094339622641509
Jurriën Timber,DEF,65.10322047894303,0.5202312138728323,1.412056151940545,0.22295623451692814,6.056977704376549,0.6073619631901841,0.22295623451692814,0.1666666666666666,5.499587118084228,0.25
Kai Havertz,FWD,40.1974386339381,2.545357524012807,1.632870864461046,0.9124866595517609,7.203842049092849,0.7,0.288153681963714,0.3333333333333333,6.099252934898613,0.4645669291338583
Leandro Trossard,MID,49.76470588235294,2.5411764705882356,4.764705882352941,0.8823529411764706,10.411764705882353,0.752542372881356,2.4000000000000004,0.2058823529411764,5.894117647058824,0.5329341317365269
Martin Ødegaard,MID,69.2396907216495,1.8943298969072166,10.012886597938143,0.9278350515463918,27.873711340206185,0.8862690707350902,0.0,0.0,8.27319587628866,0.5467289719626168
Mikel Merino,MID,48.15939278937382,2.163187855787476,13.605313092979129,1.537001897533207,36.20493358633776,0.7012578616352201,4.326375711574952,0.25,17.647058823529413,0.5161290322580645
Myles Lewis-Skelly,DEF,63.32846715328467,0.19708029197080293,17.54014598540146,2.2335766423357666,18.919708029197082,0.5902777777777778,0.5255474452554744,0.25,8.474452554744525,0.5813953488372093
Thomas Partey,MID,73.60128617363344,0.8360128617363344,2.4115755627009645,0.707395498392283,5.916398713826367,0.7880434782608695,1.1897106109324758,0.1081081081081081,3.1832797427652735,0.5656565656565656
William Saliba,DEF,85.32390660966787,0.1775731667214732,5.504768168365669,0.7694837224597172,5.208812890496547,0.5738636363636364,0.147977638934561,0.0,3.1963170009865176,0.5185185185185185
Amadou Onana,MID,58.57758620689655,0.9421182266009852,4.544334975369458,0.4433497536945813,19.064039408866993,0.7005813953488372,2.6600985221674875,0.1041666666666666,8.36822660098522,0.4039735099337748
Boubacar Kamara,MID,61.77391304347827,0.5217391304347826,6.730434782608696,1.4086956521739131,12.0,0.782608695652174,0.5217391304347826,0.4,8.243478260869566,0.5443037974683544
Donyell Malen,FWD,43.79194630872483,4.530201342281879,0.0,0.0,0.0,0.0,0.0,0.0,0.0,0.0
Ezri Konsa,DEF,60.88866189989785,0.33707865168539325,7.1092951991828395,1.3789581205311543,11.430030643513788,0.6058981233243967,0.3983656792645556,0.0769230769230769,3.5852911133810013,0.4786324786324786
Ian Maatsen,DEF,77.87234042553192,1.5159574468085106,18.111702127659573,1.356382978723404,22.898936170212764,0.7630662020905923,0.0,0.0,8.058510638297873,0.6138613861386139
Jacob Ramsey,MID,45.88452088452088,1.0503685503685503,10.06142506142506,0.11056511056511056,22.168304668304668,0.8029925187032418,1.2714987714987716,0.0,7.905405405405406,0.4825174825174825
Jhon Durán,FWD,42.412140575079874,4.456869009584664,0.0,0.0,0.0,0.0,0.0,0.0,0.0,0.0
John McGinn,MID,47.90582959641255,1.251121076233184,5.569506726457399,0.3632286995515695,13.399103139013452,0.6927710843373494,0.8475336322869955,0.238095238095238,8.233183856502242,0.4411764705882353
Leon Bailey,MID,47.24409448818898,2.204724409448819,7.086614173228346,1.1023622047244095,15.118110236220472,0.7760416666666666,0.47244094488188976,0.1666666666666666,12.04724409448819,0.5490196078431373
Lucas Digne,DEF,60.534351145038165,0.4961832061068702,3.8167938931297707,0.6870229007633587,19.389312977099237,0.6437007874015748,0.8778625954198473,0.217391304347826,11.488549618320612,0.4950166112956811
Marcus Rashford,MID,44.55820476858345,2.208976157082749,11.171107994389901,0.3155680224403927,25.876577840112205,0.7878048780487805,3.281907433380084,0.3076923076923077,14.32678821879383,0.4361233480176211
Matty Cash,DEF,54.20799229658161,0.5633124699085219,6.456427539720751,2.339913336543091,7.9297063071738085,0.5191256830601093,0.3033220991815118,0.2857142857142857,6.586422725084256,0.618421052631579
Morgan Rogers,MID,43.950143815915624,1.581975071907958,5.378715244487057,1.0354745925215725,10.12464046021093,0.6136363636363636,0.23010546500479387,0.25,4.343240651965484,0.5695364238410596
Ollie Watkins,FWD,27.03448275862069,2.896551724137931,2.8620689655172415,0.20689655172413793,5.586206896551724,0.808641975308642,0.4482758620689655,0.3076923076923077,4.0,0.4568965517241379
Pau Torres,DEF,69.54950495049505,0.3564356435643564,0.8465346534653465,0.04455445544554455,4.321782178217822,0.4845360824742268,0.0,0.0,4.945544554455446,0.2792792792792792
Tyrone Mings,DEF,64.95093666369313,0.7225691347011597,10.758251561106155,3.3719892952720785,19.348795718108832,0.7095435684647303,5.459411239964317,0.3235294117647059,15.655664585191792,0.5743589743589743
Youri Tielemans,MID,74.71306068601584,1.2170184696569921,2.908970976253298,0.3265171503957784,6.500659630606861,0.7990867579908676,1.6325857519788918,0.1636363636363636,2.641820580474934,0.5617977528089888
Adam Smith,DEF,48.214285714285715,0.16917293233082706,2.932330827067669,0.8458646616541353,9.530075187969924,0.650887573964497,1.8609022556390977,0.2121212121212121,4.962406015037594,0.4772727272727273
Antoine Semenyo,MID,51.857276410096595,3.505765035836709,8.24555936428794,1.7388594577750078,15.11685883452789,0.7309833024118738,4.767840448737925,0.2470588235294117,8.02119040199439,0.527972027972028
Dango Ouattara,MID,47.19840478564308,2.781655034895314,5.8325024925224325,1.9740777666999003,17.093718843469592,0.6561679790026247,3.320039880358923,0.2567567567567567,13.90827517447657,0.5258064516129032
Daniel Jebbison,FWD,78.85714285714286,4.285714285714286,0.0,0.0,0.0,0.0,0.0,0.0,0.0,0.0
Dean Huijsen,DEF,75.95375722543353,0.6688687035507844,8.398018166804295,0.9289843104872008,21.92402972749794,0.8508474576271187,1.263418662262593,0.1764705882352941,6.391412056151941,0.4767441860465116
Enes Ünal,FWD,52.477341389728096,5.438066465256798,0.0,0.0,0.0,0.0,0.0,0.0,0.0,0.0
Evanilson,FWD,24.282655246252673,2.8137044967880085,7.708779443254818,0.9250535331905781,7.477516059957174,0.8144329896907216,0.19271948608137046,0.0,4.586723768736617,0.7478991596638656
Illia Zabarnyi,DEF,60.48185030517186,0.34693221972373917,4.221008673305493,0.26019916479280436,9.193703822679087,0.6761006289308176,1.5901060070671378,0.2363636363636363,5.868936716993254,0.4679802955665024
Justin Kluivert,MID,44.96179966044143,2.4066213921901527,2.7504244482173177,0.22920203735144315,10.084889643463498,0.7765151515151515,0.42020373514431236,0.1818181818181818,5.271646859083192,0.3333333333333333
Lewis Cook,MID,59.385493619879114,0.4231027535258563,6.074546675621223,0.39288112827400945,9.18737407656145,0.7138157894736842,0.1511081262592344,0.0,1.3901947615849564,0.5869565217391305
Marcos Senesi,DEF,74.5667870036101,0.24368231046931407,8.447653429602887,0.40613718411552346,18.113718411552348,0.7219730941704036,2.7617328519855593,0.2941176470588235,8.772563176895307,0.4166666666666667
Marcus Tavernier,MID,60.51083591331269,2.6470588235294117,3.436532507739938,1.2538699690402477,5.526315789473684,0.6554621848739496,0.46439628482972134,0.5,5.1083591331269345,0.6272727272727273
Milos Kerkez,DEF,60.96947935368043,0.5116696588868941,7.1095152603231595,0.24236983842010773,18.716337522441652,0.6776978417266187,2.1005385996409336,0.2179487179487179,7.782764811490125,0.4083044982698962
Ryan Christie,MID,62.12576255279212,1.3937118723603943,3.1675269826372596,0.7179727827311122,8.193336461755043,0.7164948453608248,1.7315814171750352,0.1951219512195122,5.068043172219616,0.5916666666666667
Tyler Adams,MID,63.801526717557245,0.4122137404580153,8.106870229007633,0.366412213740458,10.396946564885496,0.762114537444934,0.8702290076335878,0.1578947368421052,12.229007633587786,0.4831460674157303
Bryan Mbeumo,MID,50.46852122986823,2.240117130307467,5.060029282576867,0.07906295754026355,10.304538799414349,0.8312020460358056,1.4758418740849195,0.2321428571428571,5.587115666178624,0.5141509433962265
Christian Nørgaard,MID,59.90455991516437,1.2407211028632026,1.4316012725344642,0.22269353128313893,5.249204665959703,0.8848484848484849,0.12725344644750797,0.0,2.576882290562036,0.4074074074074074
Ethan Pinnock,DEF,64.45373758494512,0.47046523784631467,2.9168844746471514,0.047046523784631464,7.809722948248824,0.6746987951807228,0.0,0.0,6.868792472556194,0.5205479452054794
Fábio Carvalho,FWD,53.878923766816136,2.4215246636771304,0.0,0.0,0.0,0.0,0.0,0.0,0.0,0.0
Igor Thiago,FWD,49.82142857142858,1.0714285714285714,0.0,0.0,0.0,0.0,0.0,0.0,0.0,0.0
Keane Lewis-Potter,MID,49.71622057400839,0.8126410835214446,2.6410835214446955,0.928732666881651,6.965495001612383,0.7958333333333333,1.1028700419219606,0.2631578947368421,4.150274105127378,0.5524475524475524
Kevin Schade,MID,38.29204693611474,2.1512385919165578,3.0508474576271185,0.469361147327249,14.198174706649283,0.7823691460055097,0.9778357235984354,0.12,3.6766623207301175,0.5638297872340425
Kristoffer Ajer,DEF,51.839000693962525,0.5621096460791117,3.9347675225537824,0.18736988202637056,15.23941707147814,0.8401639344262295,0.8743927827897293,0.2857142857142857,2.9354614850798058,0.5319148936170213
Mads Roerslev,DEF,55.01824817518248,0.4105839416058394,11.25,1.9708029197080292,31.204379562043798,0.8263157894736842,4.352189781021898,0.1886792452830188,11.496350364963504,0.4928571428571429
Mikkel Damsgaard,MID,62.56322624743677,1.076555023923445,8.36637047163363,1.3841421736158577,14.64114832535885,0.7247899159663865,4.060150375939849,0.2651515151515151,6.367053998632946,0.5990338164251208
Nathan Collins,DEF,65.6842105263158,0.44736842105263164,4.105263157894737,0.8157894736842105,7.86842105263158,0.7692307692307693,1.3947368421052633,0.2264150943396226,6.473684210526316,0.6138211382113821
Sepp van den Berg,DEF,56.61514683153014,0.6955177743431221,3.0950540958268933,0.2782071097372488,5.668469860896445,0.7607361963190185,1.4258114374034003,0.2439024390243902,3.999227202472952,0.417391304347826
Vitaly Janelt,MID,52.546337157987644,0.5560458958517212,2.502206531332745,0.3177405119152692,4.964695498676081,0.752,1.1120917917034423,0.3214285714285714,3.6142983230361874,0.4725274725274725
Yehor Yarmoliuk,MID,63.4119278779473,0.5617198335644937,7.427184466019418,0.49930651872399445,16.97642163661581,0.7316176470588235,1.2482662968099862,0.05,12.295423023578364,0.4467005076142132
Yoane Wissa,FWD,31.363170481721898,2.767338571916638,5.534677143833276,0.7072087461564742,19.586607447898874,0.7409733124018838,0.8609497779296208,0.1428571428571428,8.916979842842501,0.5827586206896552
Carlos Baleba,MID,61.92134831460674,1.4831460674157304,1.8876404494382024,0.2696629213483146,5.662921348314607,0.7857142857142857,0.40449438202247195,0.0833333333333333,3.6067415730337076,0.3925233644859813
Danny Welbeck,FWD,33.54853911404335,2.5447690857681433,5.640904806786051,1.3996229971724787,11.748350612629594,0.4801444043321299,0.3393025447690858,0.125,4.665409990574929,0.6636363636363637
Georginio Rutter,MID,39.921968787515006,2.701080432172869,3.943577430972389,0.27010804321728693,7.9951980792316935,0.7567567567567568,1.134453781512605,0.2857142857142857,5.402160864345738,0.41
Jack Hinshelwood,MID,59.57746478873239,0.8775731310942578,4.777898158179848,0.6338028169014085,6.094257854821235,0.84,0.04875406283856988,0.0,3.4615384615384617,0.5352112676056338
Jan Paul van Hecke,DEF,80.44947617438324,0.5170665765461304,3.2544778641432917,0.48665089557282865,2.342007434944238,0.5844155844155844,0.0,0.0,1.429537005745184,0.6170212765957447
João Pedro,FWD,48.70967741935484,2.1658986175115205,4.6082949308755765,0.6451612903225806,13.317972350230415,0.8027681660899654,1.751152073732719,0.2631578947368421,10.32258064516129,0.5446428571428571
Joël Veltman,DEF,63.143025309005296,0.31783402001177163,21.453796350794587,2.3307828134196584,43.54326074161271,0.8722627737226277,1.1653914067098292,0.1363636363636363,9.164214243672749,0.6358381502890174
Kaoru Mitoma,FWD,51.03911042944785,1.9670245398773005,7.902607361963191,0.7246932515337423,13.044478527607362,0.7037037037037037,2.622699386503067,0.3289473684210526,7.833588957055214,0.5330396475770925
Lewis Dunk,DEF,92.9380700912146,0.5184829572731637,7.301968314930388,0.7777244359097455,15.684109457513202,0.7851239669421488,1.8578972635621698,0.2093023255813953,6.9131060969755165,0.5625
Mats Wieffer,MID,80.98214285714286,0.8035714285714285,12.5,1.9642857142857142,22.767857142857142,0.6823529411764706,1.9642857142857142,0.0454545454545454,8.571428571428571,0.625
Pervis Estupiñán,DEF,74.9438202247191,1.048689138576779,4.269662921348314,0.33707865168539325,16.367041198501873,0.8306636155606407,0.9737827715355805,0.3846153846153846,4.906367041198502,0.465648854961832
Simon Adingra,MID,48.8359303391384,2.722273143904675,14.353803849679192,0.41246562786434465,35.71952337305225,0.8175519630484989,3.299725022914757,0.225,14.436296975252061,0.4228571428571429
Yankuba Minteh,MID,45.56219445953286,1.6621401412275938,5.426398696360673,0.9777294948397609,12.51493753394894,0.6953125,1.075502444323737,0.2727272727272727,10.070613796849539,0.5
Yasin Ayari,MID,59.96948118006104,1.281790437436419,3.3875890132248223,0.595116988809766,8.789420142421159,0.8072916666666666,0.7324516785350966,0.3125,6.958290946083418,0.4934210526315789
Cole Palmer,MID,56.478873239436616,3.5492957746478875,3.267605633802817,0.36619718309859156,2.507042253521127,0.4943820224719101,0.0,0.0,0.8450704225352113,0.5333333333333333
Enzo Fernández,MID,71.08961303462321,1.6191446028513239,1.374745417515275,0.15274949083503056,5.987780040733198,0.6377551020408163,0.09164969450101833,0.3333333333333333,3.391038696537678,0.3333333333333333
Jadon Sancho,MID,53.6734693877551,1.2244897959183674,3.214285714285714,0.20408163265306123,6.887755102040816,0.6222222222222222,0.9183673469387754,0.3333333333333333,3.2653061224489797,0.53125
João Félix,FWD,73.18681318681318,4.945054945054945,0.0,0.0,0.0,0.0,0.0,0.0,0.0,0.0
Levi Colwill,DEF,84.74118767862814,0.4858685296919657,3.8583677357891393,1.171800571610035,12.861225785963798,0.74,1.3718640838361384,0.2916666666666667,5.8875833597967615,0.5048543689320388
Malo Gusto,DEF,80.21528525296017,1.0656620021528525,13.127018299246503,0.43595263724434874,25.28525296017223,0.9118773946360154,0.5328310010764262,0.2727272727272727,2.6641550053821312,0.5272727272727272
Marc Cucurella,DEF,69.88624958179993,0.7226497156239545,5.570424891267982,0.8430913348946136,9.33422549347608,0.6516129032258065,0.391435262629642,0.2307692307692307,4.697223151555704,0.6346153846153846
Moisés Caicedo,MID,72.97079856972586,0.5363528009535161,5.283075089392134,0.6168057210965435,14.749702026221694,0.7509090909090909,1.2067938021454112,0.2888888888888888,6.597139451728248,0.4593495934959349
Nicolas Jackson,FWD,30.924932975871315,3.0563002680965146,9.73190348525469,0.40214477211796246,11.742627345844504,0.773972602739726,2.5335120643431637,0.1746031746031746,8.36461126005362,0.4567307692307692
Noni Madueke,MID,47.375366568914956,3.5190615835777126,8.621700879765395,1.0117302052785924,13.372434017595308,0.7730263157894737,2.771260997067449,0.2539682539682539,10.865102639296188,0.5020242914979757
Pedro Neto,MID,49.36507936507937,2.341269841269841,7.976190476190475,1.4285714285714284,22.22222222222222,0.6642857142857143,5.277777777777778,0.2556390977443609,8.452380952380953,0.5305164319248826
Reece James,DEF,83.31766917293233,0.9304511278195489,5.244360902255639,0.7612781954887218,15.31015037593985,0.8784530386740331,0.9304511278195489,0.1818181818181818,6.428571428571428,0.5526315789473685
Tosin Adarabioyo,DEF,86.41025641025641,0.8333333333333333,13.782051282051281,1.6025641025641026,12.564102564102564,0.6785714285714286,0.8333333333333333,0.2307692307692307,9.807692307692308,0.6274509803921569
Trevoh Chalobah,DEF,64.69604863221885,0.8206686930091185,4.240121580547113,1.4589665653495443,10.80547112462006,0.729957805907173,0.13677811550151975,0.3333333333333333,9.346504559270517,0.526829268292683
Tyrique George,FWD,36.91011235955056,1.5168539325842696,0.0,0.0,0.0,0.0,0.0,0.0,0.0,0.0
Wesley Fofana,DEF,73.92857142857143,0.22959183673469385,7.270408163265307,2.372448979591837,17.21938775510204,0.6711111111111111,2.295918367346939,0.1666666666666666,17.98469387755102,0.4936170212765957
Adam Wharton,MID,61.9683257918552,0.8823529411764706,5.090497737556561,1.3574660633484164,16.6289592760181,0.6857142857142857,1.2217194570135748,0.2777777777777778,7.873303167420814,0.4913793103448275
Chris Richards,DEF,53.7006237006237,0.5613305613305614,1.496881496881497,0.2338877338877339,9.542619542619542,0.5245098039215687,0.04677754677754678,1.0,4.677754677754678,0.34
Daichi Kamada,MID,57.14101738570509,1.159047005795235,9.446233097231165,1.5647134578235673,9.504185447520927,0.5914634146341463,0.17385705086928527,0.0,6.027044430135222,0.5
Daniel Muñoz,DEF,58.65450046396536,1.0300030931023818,1.6981132075471697,0.13918960717599754,5.511908444169502,0.8181818181818182,0.08351376430559851,0.0,3.6746056294463347,0.4696969696969697
Eberechi Eze,MID,54.9,3.5307692307692307,2.526923076923077,0.10384615384615385,3.4615384615384617,0.69,0.17307692307692307,0.0,4.11923076923077,0.4621848739495798
Eddie Nketiah,FWD,40.78947368421053,3.7719298245614032,9.736842105263158,1.5789473684210527,21.75438596491228,0.7701612903225806,0.5263157894736842,0.6666666666666666,14.82456140350877,0.4852071005917159
Ismaïla Sarr,MID,39.72733971997052,1.9565217391304348,2.586588061901253,0.29845246868091374,2.851879145173176,0.627906976744186,0.03316138540899042,0.0,1.5917464996315402,0.6458333333333334
Jean-Philippe Mateta,FWD,28.315749811605126,2.373775433308214,3.8997739261492086,0.33911077618688773,6.205727204220045,0.7213114754098361,1.2886209495101735,0.2894736842105263,6.646571213262999,0.5102040816326531
Jefferson Lerma,MID,58.300395256917,1.0276679841897234,3.7944664031620556,1.1067193675889329,6.442687747035573,0.754601226993865,0.3952569169960474,0.2,7.154150197628458,0.5193370165745856
Jordan Ayew,MID,50.67908653846154,1.7848557692307692,5.5168269230769225,1.0276442307692306,11.953125,0.7420814479638009,1.2980769230769231,0.3333333333333333,7.788461538461538,0.625
Marc Guéhi,DEF,64.903563255966,0.44132069303694016,3.030402092186989,0.41189931350114417,6.472703497875123,0.5318181818181819,0.32363517489375615,0.2727272727272727,2.9421379535796013,0.52
Maxence Lacroix,DEF,57.46953175112252,0.8659397049390635,6.119307248236049,1.0968569595894804,6.783194355355998,0.6936170212765957,0.11545862732520847,0.0,2.886465683130212,0.68
Tyrick Mitchell,DEF,53.32688588007738,0.3481624758220503,2.6982591876208897,0.20309477756286265,2.524177949709865,0.7701149425287356,0.029013539651837523,0.0,0.6673114119922631,0.8260869565217391
Will Hughes,MID,54.30594900849858,0.9348441926345609,11.04815864022663,0.8923512747875354,13.512747875354108,0.8427672955974843,0.1274787535410765,0.0,5.8215297450424925,0.656934306569343
Abdoulaye Doucouré,MID,42.9918509895227,1.0826542491268918,3.771827706635623,0.3492433061699651,10.651920838183935,0.7639344262295082,0.8032596041909197,0.0434782608695652,7.334109429569266,0.3666666666666666
Adam Armstrong,FWD,29.11341853035144,1.8690095846645367,3.0191693290734825,0.21565495207667731,7.979233226837061,0.7657657657657657,1.0063897763578273,0.2142857142857142,5.175718849840256,0.3194444444444444
Armando Broja,FWD,41.329305135951664,1.0876132930513596,0.0,0.0,0.0,0.0,0.0,0.0,0.0,0.0
Ashley Young,DEF,59.6147672552167,0.28892455858747995,3.033707865168539,1.1075441412520064,8.426966292134832,0.8,0.4815409309791332,0.2,3.8041733547351524,0.5822784810126582
Beto,FWD,35.39921465968586,2.886125654450262,9.18848167539267,0.3534031413612565,20.320680628272253,0.7275362318840579,2.827225130890052,0.1875,11.956806282722514,0.4778325123152709
Dominic Calvert-Lewin,FWD,33.25480471171729,2.789832610043397,4.128952262864228,0.05579665220086794,8.369497830130191,0.6666666666666666,0.22318660880347177,0.25,11.047737135771854,0.3585858585858585
Dwight McNeil,MID,54.28884026258206,1.6411378555798688,11.553610503282277,0.7221006564551423,23.107221006564554,0.6789772727272727,1.9037199124726476,0.2413793103448276,19.431072210065643,0.5304054054054054
Idrissa Gueye,MID,56.635148353439845,0.7923051842191067,4.16693837626345,0.11737854581023802,2.4062601891098794,0.8170731707317073,0.11737854581023802,0.25,0.9390283664819041,0.5
Iliman Ndiaye,FWD,45.959016393442624,1.3647540983606559,7.155737704918033,0.47950819672131145,21.39344262295082,0.8862068965517241,0.6270491803278688,0.1176470588235294,5.127049180327869,0.4964028776978417
Jack Harrison,MID,44.97839654344695,1.2530004800768122,3.1973115698511765,0.6913106096975515,11.060969755160825,0.734375,0.6481036965914546,0.2,3.5429668746999523,0.4634146341463415
Jake O'Brien,MID,52.54302103250478,0.3441682600382409,3.78585086042065,0.3441682600382409,8.087954110898663,0.8085106382978723,0.1147227533460803,0.0,2.6959847036328872,0.6170212765957447
James Garner,MID,57.8168130489335,0.6775407779171895,6.3801756587202005,2.5972396486825597,16.486825595984943,0.6404109589041096,3.1618569636135505,0.1964285714285714,10.671267252195733,0.5873015873015873
James Tarkowski,DEF,54.5109439124487,0.46169630642954856,1.908344733242134,0.40013679890560877,6.771545827633378,0.8318181818181818,0.2770177838577291,0.2222222222222222,2.185362517099863,0.4507042253521127
Jarrad Branthwaite,DEF,55.86454183266932,0.35856573705179284,7.673306772908366,0.5737051792828686,11.97609561752988,0.7005988023952096,2.151394422310757,0.1666666666666666,11.796812749003985,0.4133738601823708
Jesper Lindstrøm,MID,49.28225806451613,2.032258064516129,10.233870967741936,1.4516129032258065,18.943548387096772,0.8007662835249042,0.7258064516129032,0.2,12.629032258064516,0.5459770114942529
Michael Keane,DEF,44.5697896749522,0.8604206500956023,6.625239005736137,0.8604206500956023,7.399617590822181,0.8023255813953488,0.0,0.0,4.130019120458891,0.4791666666666667
Orel Mangala,MID,47.54581673306773,1.1474103585657371,9.609561752988046,2.151394422310757,20.294820717131476,0.8409893992932862,1.00398406374502,0.1428571428571428,12.836653386454183,0.5307262569832403
Vitalii Mykolenko,DEF,50.89494163424124,0.40856031128404674,2.4513618677042803,0.7879377431906615,9.221789883268482,0.7468354430379747,0.8463035019455253,0.2758620689655172,3.2101167315175094,0.509090909090909
Adama Traoré,MID,45.17806670435274,1.9841718485019784,9.513849632560769,0.05087620124364047,12.108535895986432,0.7983193277310925,5.087620124364047,0.3,9.768230638778972,0.5208333333333334
Alex Iwobi,MID,59.60921843687375,2.0440881763527057,8.446893787575151,0.42084168336673344,20.380761523046093,0.7492625368731564,3.727454909819639,0.2016129032258064,6.673346693386774,0.4954954954954955
Andreas Pereira,MID,53.63501483679525,1.7359050445103859,7.4777448071216615,0.9347181008902077,22.077151335311573,0.8064516129032258,3.783382789317507,0.2470588235294117,4.7626112759643915,0.5046728971962616
Antonee Robinson,DEF,75.2226081465109,0.4546889801073571,3.15440479949479,0.5399431638774866,3.438585412061888,0.6776859504132231,0.3694347963372277,0.0,2.188190716766656,0.4415584415584415
Calvin Bassey,DEF,74.24853610930384,0.40988939492517895,1.317501626545218,0.058555627846454135,2.4007807417046196,0.7926829268292683,0.08783344176968119,0.0,3.19128171763175,0.3761467889908257
Emile Smith Rowe,MID,55.851528384279476,1.6157205240174672,4.672489082969432,0.5240174672489083,4.978165938864629,0.5350877192982456,0.08733624454148471,0.0,2.7947598253275108,0.6875
Harry Wilson,MID,49.39498703543647,3.34485738980121,7.389801210025929,0.700086430423509,16.95764909248055,0.8165137614678899,1.0112359550561798,0.4615384615384615,6.378565254969749,0.4878048780487805
Issa Diop,DEF,61.41573033707865,0.33707865168539325,5.662921348314607,0.4719101123595506,10.786516853932584,0.7625,0.5393258426966292,0.125,10.112359550561797,0.5333333333333333
Joachim Andersen,DEF,83.34209538114908,0.6759294029290274,2.940292902741269,0.20277882087870822,5.137063462260608,0.8421052631578947,0.6083364626361246,0.0555555555555555,4.292151708599324,0.4330708661417323
Kenny Tete,DEF,63.74367622259697,1.2141652613827993,6.728499156829679,0.35413153456998314,30.860033726812816,0.7754098360655738,3.9966273187183807,0.1772151898734177,6.424957841483979,0.3779527559055118
Raúl Jiménez,FWD,39.91616766467066,3.4491017964071857,3.0538922155688626,0.35928143712574845,9.341317365269461,0.6807692307692308,0.8263473053892215,0.217391304347826,7.832335329341317,0.4403669724770642
Rodrigo Muniz,FWD,35.110410094637224,3.690851735015773,11.92429022082019,2.839116719242902,34.353312302839115,0.7493112947658402,2.176656151419558,0.2608695652173913,21.861198738170344,0.4588744588744589
Sander Berge,MID,58.03322855859902,0.12123933542882803,6.3852716659182756,1.3740458015267174,17.579703637180064,0.7770114942528735,1.21239335428828,0.2,8.850471486304446,0.547945205479452
Sasa Lukic,MID,59.0828025477707,0.6878980891719745,9.78343949044586,0.22929936305732482,18.53503184713376,0.8474226804123711,2.6751592356687897,0.2285714285714285,7.872611464968152,0.5
Timothy Castagne,DEF,65.40474741326841,0.4382227632379793,12.325015216068168,1.2598904443091905,22.45891661594644,0.824390243902439,2.848447961046866,0.2115384615384615,11.448569689592208,0.5454545454545454
Willian,FWD,82.88537549407114,2.4901185770750986,0.0,0.0,0.0,0.0,0.0,0.0,0.0,0.0
Alex Palmer,MID,40.30769230769231,0.0,0.0,0.0,0.0,0.0,0.0,0.0,0.0,0.0
Ali Al-Hamadi,FWD,46.08,2.88,0.0,0.0,0.0,0.0,0.0,0.0,0.0,0.0
Axel Tuanzebe,DEF,52.993593476994754,0.20966802562609202,5.398951659871869,0.6290040768782761,5.5037856726849155,0.5619047619047619,0.20966802562609202,0.25,2.5160163075131043,0.5
Ben Johnson,DEF,44.06528189910979,0.46735905044510384,4.005934718100891,1.0682492581602374,14.688427299703264,0.7909090909090909,1.1350148367952522,0.1764705882352941,4.473293768545994,0.373134328358209
Cameron Burgess,DEF,58.09090909090909,0.5844155844155845,11.688311688311687,2.688311688311688,18.818181818181817,0.7701863354037267,0.525974025974026,0.3333333333333333,17.123376623376625,0.5460750853242321
Dara O'Shea,DEF,59.45244956772334,0.6340057636887608,1.1815561959654177,0.11527377521613832,3.4293948126801155,0.6134453781512605,0.08645533141210375,0.3333333333333333,3.2564841498559076,0.3805309734513274
George Hirst,FWD,30.092449922958398,1.9414483821263484,0.0,0.0,0.0,0.0,0.0,0.0,0.0,0.0
Jack Clarke,FWD,48.07692307692307,1.3076923076923077,10.076923076923077,0.7692307692307693,18.0,0.6367521367521367,6.846153846153846,0.1797752808988764,16.307692307692307,0.3962264150943396
Jacob Greaves,DEF,59.061224489795926,0.40816326530612246,7.020408163265306,0.5306122448979592,17.10204081632653,0.7326968973747017,4.857142857142858,0.1848739495798319,7.387755102040816,0.430939226519337
Jens Cajuste,MID,49.645748987854255,0.5465587044534413,2.7327935222672064,0.5465587044534413,6.877530364372469,0.7284768211920529,1.7307692307692308,0.2368421052631578,7.697368421052632,0.3727810650887574
Julio Enciso,MID,54.66494845360824,4.020618556701031,28.298969072164947,0.30927835051546393,36.649484536082475,0.8059071729957806,4.561855670103093,0.1864406779661017,23.50515463917526,0.5625
Kalvin Phillips,MID,57.167070217917676,0.7990314769975787,10.096852300242132,0.4358353510895884,10.677966101694915,0.7619047619047619,1.8886198547215496,0.3076923076923077,13.002421307506054,0.4022346368715084
Leif Davis,DEF,53.7836853605244,0.5243991260014567,3.6380189366351057,0.5899490167516388,3.048069919883467,0.8709677419354839,0.03277494537509104,1.0,1.7698470502549164,0.6111111111111112
Liam Delap,FWD,28.288667687595712,2.343032159264931,7.718223583460949,1.1026033690658499,7.270290964777948,0.7440758293838863,0.3101071975497703,0.3333333333333333,3.238897396630934,0.5638297872340425
Luke Woolfenden,DEF,53.27150084317032,0.07588532883642496,4.629005059021923,0.30354131534569984,9.865092748735245,0.8,2.3524451939291735,0.1290322580645161,5.463743676222597,0.4861111111111111
Omari Hutchinson,MID,48.61389961389961,1.5637065637065637,1.3552123552123552,0.7297297297297298,5.108108108108109,0.8571428571428571,0.2084942084942085,0.1666666666666666,3.3011583011583014,0.4947368421052631
Sam Morsy,MID,57.667998547039595,0.42499091899745733,0.9480566654558664,0.1961496549219034,1.9941881583726844,0.7049180327868853,0.2615328732292045,0.25,2.5499455139847442,0.358974358974359
Sam Szmodics,FWD,31.198801198801196,1.8881118881118881,13.486513486513488,1.8881118881118881,25.44455544455544,0.901060070671378,0.26973026973026976,0.0,12.13786213786214,0.5259259259259259
Bilal El Khannouss,MID,55.77291381668947,1.231190150478796,3.365253077975376,0.7797537619699042,9.192886456908344,0.7589285714285714,0.04103967168262654,0.0,7.22298221614227,0.5340909090909091
Boubakary Soumaré,MID,63.16589861751152,0.2903225806451613,4.976958525345623,0.16589861751152074,11.903225806451614,0.7212543554006968,2.19815668202765,0.1132075471698113,6.84331797235023,0.509090909090909
Caleb Okoli,DEF,66.41711229946523,0.32085561497326204,18.128342245989305,1.0427807486631016,33.36898395721925,0.8725961538461539,5.855614973262032,0.2054794520547945,11.390374331550802,0.5915492957746479
Conor Coady,DEF,64.41330998248687,0.10507880910683012,2.9422066549912436,0.47285464098073554,3.6252189141856395,0.5217391304347826,0.0,0.0,1.681260945709282,0.65625
Facundo Buonanotte,MID,58.77065432914739,2.1414408460013217,6.424322538003966,1.903502974223397,12.78916060806345,0.8325581395348837,0.23793787177792464,0.0,11.30204890945142,0.5052631578947369
Harry Winks,MID,69.77922077922078,0.5844155844155845,9.175324675324676,0.35064935064935066,16.948051948051948,0.7827586206896552,2.7467532467532467,0.2978723404255319,8.181818181818182,0.4357142857142857
James Justin,DEF,62.66095890410959,0.7705479452054794,4.530821917808219,0.3698630136986301,15.410958904109588,0.796,1.1095890410958904,0.25,7.335616438356165,0.5378151260504201
Jamie Vardy,FWD,20.003522367030644,1.8386755899964777,3.043325114476928,1.775272983444875,3.9309616061993657,0.7580645161290323,0.03170130327580134,0.0,3.1384290243043322,0.5151515151515151
Jannik Vestergaard,DEF,71.87096774193549,0.1935483870967742,10.774193548387096,1.7419354838709677,14.0,0.5529953917050692,0.3225806451612903,0.0,5.225806451612903,0.691358024691358
Jeremy Monga,FWD,48.857142857142854,2.571428571428571,0.0,0.0,0.0,0.0,0.0,0.0,0.0,0.0
Luke Thomas,DEF,64.66726618705036,0.40467625899280574,6.555755395683454,1.537769784172662,5.179856115107914,0.5625,0.0,0.0,1.537769784172662,0.5789473684210527
Odsonne Édouard,FWD,43.732394366197184,3.1690140845070425,0.0,0.0,0.0,0.0,0.0,0.0,0.0,0.0
Oliver Skipp,MID,51.669642857142854,0.40178571428571425,8.4375,0.6428571428571428,16.955357142857142,0.6824644549763034,0.5625,0.0,13.178571428571429,0.3231707317073171
Patson Daka,FWD,35.325936199722605,1.8723994452149793,0.0,0.0,0.0,0.0,0.0,0.0,0.0,0.0
Stephy Mavididi,MID,53.39739615623063,1.4507129572225665,13.83756974581525,1.6738995660260383,19.30564166150031,0.7283236994219653,0.5579665220086795,0.1,5.579665220086794,0.45
Victor Kristiansen,DEF,60.819606267577335,0.10847730012053033,11.751707513057452,2.0249096022498994,18.29650462032945,0.7806324110671937,0.03615910004017678,0.0,3.1458417034953796,0.6206896551724138
Wilfred Ndidi,MID,57.367294520547944,0.8476027397260274,3.6601027397260277,0.8476027397260274,10.941780821917808,0.6936619718309859,0.8861301369863013,0.1304347826086956,9.130993150684931,0.430379746835443
Wout Faes,DEF,62.3470839260313,0.38406827880512096,5.440967283072546,0.35206258890469416,7.553342816500711,0.6059322033898306,2.2083926031294454,0.2028985507246377,7.16927453769559,0.4642857142857143
Alexis Mac Allister,MID,67.45684695051784,1.3118527042577675,7.215189873417722,0.37974683544303794,12.531645569620252,0.8126721763085399,0.5178365937859609,0.6,7.525891829689297,0.4908256880733945
Andy Robertson,DEF,76.8900481540931,0.5417335473515249,7.439807383627608,0.21669341894060995,12.640449438202248,0.7142857142857143,2.744783306581059,0.1710526315789473,7.006420545746389,0.4690721649484536
Cody Gakpo,FWD,45.09287925696595,2.6470588235294117,12.724458204334367,0.5108359133126935,30.417956656346746,0.7709923664122137,3.575851393188855,0.2597402597402597,11.981424148606813,0.562015503875969
Curtis Jones,MID,71.94736842105263,1.7894736842105265,4.0,0.9473684210526315,11.210526315789474,0.7746478873239436,0.8421052631578948,0.1875,8.31578947368421,0.4746835443037974
Darwin Núñez,FWD,33.166368515205725,2.737030411449016,5.554561717352415,0.4025044722719141,14.490161001788909,0.7611111111111111,2.6565295169946332,0.1818181818181818,8.211091234347048,0.4215686274509804
Diogo Jota,FWD,40.402010050251256,3.844221105527638,12.814070351758794,1.5829145728643217,20.050251256281406,0.7744360902255639,1.8844221105527639,0.36,14.924623115577889,0.5454545454545454
Dominik Szoboszlai,MID,59.89182692307693,2.4158653846153846,3.5336538461538463,0.21634615384615385,8.149038461538462,0.7433628318584071,1.6586538461538463,0.2391304347826087,4.543269230769231,0.4365079365079365
Federico Chiesa,FWD,45.0,4.3269230769230775,0.0,0.0,0.0,0.0,0.0,0.0,0.0,0.0
Ibrahima Konaté,DEF,77.9298245614035,0.6666666666666667,4.350877192982456,1.6842105263157896,14.035087719298245,0.765,0.2456140350877193,0.5714285714285714,12.24561403508772,0.5616045845272206
Luis Díaz,MID,49.10788381742738,2.6514522821576763,1.6058091286307052,0.7842323651452282,3.8091286307053944,0.6568627450980392,0.5601659751037344,0.2,3.2489626556016593,0.5057471264367817
Mohamed Salah,MID,49.67722830915013,3.4646135623334318,6.156351791530945,0.10660349422564405,7.302339354456618,0.8467153284671532,2.158720758069292,0.2592592592592592,11.593129997038792,0.4459770114942529
Ryan Gravenberch,MID,69.94318181818181,0.5681818181818181,1.7613636363636365,0.7386363636363638,6.5625,0.7575757575757576,0.2272727272727273,0.0,5.426136363636363,0.5078534031413613
Trent Alexander-Arnold,DEF,87.87968026924695,1.703828355069415,3.5212452671434584,1.0980227177114008,6.4366848969289014,0.7176470588235294,0.37862852334875896,0.1,3.937736642827093,0.5865384615384616
Virgil van Dijk,DEF,90.45945945945947,0.7297297297297298,2.8378378378378377,1.189189189189189,8.837837837837837,0.7003058103975535,2.6216216216216215,0.2886597938144329,4.621621621621622,0.6023391812865497
Bernardo Silva,MID,72.99212598425197,1.079865016872891,1.5523059617547805,0.13498312710911137,3.8807649043869517,0.4608695652173913,0.13498312710911137,0.25,4.926884139482564,0.3835616438356164
Erling Haaland,FWD,22.852973367384166,3.546151039766509,3.546151039766509,0.7880335643925575,3.907333090113098,0.6554621848739496,0.29551258664720903,0.1111111111111111,2.2984312294782927,0.5857142857142857
Ilkay Gündogan,MID,79.33093848226314,1.0911540188594522,12.972608890884597,1.6569375841939828,12.972608890884597,0.6074766355140186,0.24247867085765606,0.0,4.243376740008981,0.6190476190476191
Jérémy Doku,MID,71.91672174487772,1.7250495703899535,13.384005287508263,2.0224719101123596,25.51883674818242,0.6130536130536131,0.7732980832782552,0.2307692307692307,4.758757435558493,0.5875
Josko Gvardiol,DEF,87.66697163769442,1.0978956999085088,4.501372369624886,0.6038426349496798,11.555352241537053,0.831353919239905,0.768526989935956,0.1428571428571428,5.434583714547118,0.5606060606060606
Kevin De Bruyne,MID,75.26408450704226,3.01056338028169,6.390845070422535,0.2640845070422535,13.785211267605632,0.6245210727969349,2.0070422535211265,0.131578947368421,11.93661971830986,0.4734513274336283
Manuel Akanji,DEF,84.90566037735849,0.6703078450844091,4.289970208540218,1.2065541211519364,9.51837140019861,0.8028169014084507,0.3128103277060576,0.4285714285714285,10.76961271102284,0.5311203319502075
Mateo Kovacic,MID,90.16348773841962,1.8392370572207084,8.950953678474114,1.1444141689373297,16.51226158038147,0.7970297029702971,1.6348773841961854,0.175,14.795640326975478,0.5331491712707183
Matheus Nunes,MID,79.56365809922296,0.484160191273162,3.60430364614465,0.1075911536162582,5.48714883442917,0.7647058823529411,1.2910938433950987,0.2083333333333333,6.186491332934847,0.408695652173913
Omar Marmoush,FWD,42.71573604060914,3.730964467005076,16.97969543147208,0.8375634517766497,22.538071065989847,0.7702702702702703,5.786802030456852,0.2105263157894736,23.984771573604064,0.4063492063492063
Phil Foden,MID,61.56829679595278,2.7318718381112985,5.311973018549747,0.7588532883642496,5.36256323777403,0.5660377358490566,0.050590219224283306,1.0,1.6188870151770658,0.59375
Rico Lewis,DEF,74.1988365943945,0.47593865679534636,4.759386567953464,1.9037546271813854,12.993125330512957,0.8351648351648352,0.19037546271813854,0.5,6.66314119513485,0.4214285714285714
Rúben Dias,DEF,99.71793741736448,0.8329660643455267,9.598942265315117,2.379903040987219,21.419127368884972,0.8222222222222222,0.2776553547818422,0.5714285714285714,11.26487439400617,0.5563380281690141
Savinho,FWD,61.42372881355932,2.7966101694915255,6.457627118644068,1.0677966101694916,9.711864406779661,0.6178010471204188,0.3559322033898305,0.4285714285714285,4.576271186440678,0.5333333333333333
Alejandro Garnacho,MID,52.31890660592256,3.4441913439635536,9.881548974943053,0.5330296127562641,15.006833712984056,0.7759562841530054,2.2551252847380407,0.1454545454545454,9.758542141230068,0.4159663865546218
Amad Diallo,MID,62.446081009994735,2.225144660704892,4.118884797475014,1.2309310889005787,8.42714360862704,0.8033707865168539,0.09468700683850605,1.0,7.338243029984218,0.632258064516129
Bruno Fernandes,MID,82.76785714285714,2.8571428571428568,7.559523809523809,0.863095238095238,20.982142857142858,0.7546099290780142,0.5357142857142857,0.3333333333333333,12.678571428571429,0.5258215962441315
Casemiro,MID,78.03607214428858,1.9238476953907817,3.8476953907815634,1.1422845691382766,5.591182364729459,0.4623655913978494,0.30060120240480964,0.2,5.410821643286573,0.5777777777777777
Chido Obi,FWD,27.562500000000004,2.8125,0.0,0.0,0.0,0.0,0.0,0.0,0.0,0.0
Christian Eriksen,MID,73.51274787535411,1.274787535410765,7.223796033994335,4.164305949008499,33.73937677053824,0.7178841309823678,1.444759206798867,0.2941176470588235,17.93201133144476,0.5260663507109005
Diogo Dalot,DEF,66.00426590828297,0.7998578030572342,2.271596160682545,0.25595449697831496,5.279061500177746,0.6545454545454545,0.25595449697831496,0.25,3.711340206185567,0.3362068965517241
Harry Maguire,DEF,69.45930563460443,0.7683551508252704,2.8685258964143427,0.35856573705179284,10.60330108138873,0.7198067632850241,0.6146841206602163,0.1666666666666666,4.302788844621514,0.6071428571428571
Joshua Zirkzee,FWD,41.63793103448276,1.8103448275862069,6.788793103448276,0.06465517241379311,9.827586206896552,0.6776315789473685,0.9698275862068966,0.1333333333333333,11.314655172413794,0.4571428571428571
Kobbie Mainoo,MID,62.5,0.8152173913043479,7.771739130434782,2.1739130434782608,8.206521739130435,0.5562913907284768,0.10869565217391304,0.5,4.836956521739131,0.651685393258427
Leny Yoro,DEF,70.09466437177281,0.3872633390705679,8.442340791738383,0.2323580034423408,14.870912220309812,0.71875,1.93631669535284,0.08,8.984509466437176,0.4051724137931034
Lisandro Martínez,DEF,79.78905359179019,0.8722919042189282,5.336374002280502,1.2314709236031927,9.543899657924744,0.8172043010752689,0.56442417331813,0.2727272727272727,7.696693272519955,0.5133333333333333
Manuel Ugarte,MID,62.984907769703746,0.955841252096143,7.1939631078814985,1.4086081609837897,21.179429849077696,0.8218527315914489,1.5595304639463388,0.1612903225806451,9.558412520961431,0.5736842105263158
Matthijs de Ligt,DEF,69.27631578947368,0.7612781954887218,5.075187969924812,0.9727443609022556,8.289473684210526,0.75,1.6917293233082706,0.125,6.724624060150377,0.5974842767295597
Noussair Mazraoui,DEF,70.66011235955057,0.410814606741573,6.288623595505618,1.0428370786516854,10.017556179775282,0.7697160883280757,1.8644662921348314,0.2203389830508474,7.015449438202247,0.5540540540540541
Rasmus Højlund,FWD,26.199701937406857,1.4307004470938898,10.059612518628912,1.1624441132637855,18.107302533532042,0.8148148148148148,2.8166915052160957,0.2222222222222222,15.916542473919522,0.5561797752808989
Alexander Isak,FWD,36.76056338028169,3.217768147345612,4.290357529794149,0.7150595882990249,16.803900325027087,0.8413926499032882,0.6500541711809318,0.1,9.848320693391116,0.4983498349834983
Anthony Gordon,MID,51.59165302782324,2.172667757774141,11.231587561374797,0.40507364975450083,18.633387888707038,0.7569169960474308,2.1358428805237315,0.1379310344827586,14.435351882160392,0.4081632653061224
Bruno Guimarães,MID,66.71846435100548,1.2340036563071297,7.321755027422303,0.38391224862888484,16.261425959780624,0.7099494097807757,2.7422303473491776,0.23,7.568555758683729,0.5217391304347826
Callum Wilson,FWD,27.478991596638657,1.5126050420168067,0.0,0.0,0.0,0.0,0.0,0.0,0.0,0.0
Dan Burn,DEF,65.43243243243244,0.6216216216216216,4.1891891891891895,0.29729729729729726,6.594594594594595,0.6229508196721312,2.3513513513513513,0.1954022988505747,5.297297297297297,0.4693877551020408
Fabian Schär,DEF,72.31869254341164,1.2257405515832482,3.646578140960164,0.3677221654749745,5.33197139938713,0.6954022988505747,0.3677221654749745,0.25,8.764044943820226,0.4055944055944055
Harvey Barnes,MID,45.12820512820513,3.2307692307692304,4.666666666666667,0.7692307692307693,9.897435897435896,0.7979274611398963,2.41025641025641,0.1702127659574468,5.641025641025641,0.4636363636363636
Jacob Murphy,MID,51.6015132408575,1.6267339218158892,5.069356872635561,0.3026481715006305,10.327868852459016,0.8205128205128205,0.45397225725094575,0.1666666666666666,5.334174022698613,0.5886524822695035
Joe Willock,MID,48.770949720670394,1.5083798882681565,4.35754189944134,0.5027932960893855,12.821229050279328,0.6601307189542484,0.33519553072625696,0.0,8.71508379888268,0.3461538461538461
Joelinton,MID,55.33277870216306,1.6846921797004992,7.599833610648918,0.9359400998336106,16.80948419301165,0.7616926503340757,1.0482529118136439,0.2142857142857142,15.04991680532446,0.4800995024875621
Kieran Trippier,DEF,98.1880733944954,0.27522935779816515,7.568807339449541,1.3073394495412844,15.756880733944953,0.8253275109170306,0.481651376146789,0.2857142857142857,13.211009174311927,0.46875
Lewis Hall,DEF,78.29835766423358,0.4516423357664234,5.501824817518249,0.08211678832116788,7.020985401459853,0.543859649122807,0.2052919708029197,0.2,11.455291970802918,0.3548387096774194
Sandro Tonali,MID,65.78107183580387,1.1972633979475484,3.3181299885974913,0.5131128848346637,2.086659064994299,0.5409836065573771,0.0,0.0,2.7708095781071838,0.5679012345679012
Tino Livramento,DEF,65.90077410274455,0.1900070372976777,1.1400422237860661,0.633356790992259,8.993666432090077,0.6056338028169014,0.4433497536945813,0.1428571428571428,5.0035186488388455,0.4746835443037974
William Osula,FWD,49.354838709677416,2.903225806451613,0.0,0.0,0.0,0.0,0.0,0.0,0.0,0.0
Anthony Elanga,MID,43.65376944555245,1.5795771838851216,7.502991623454329,0.25129637016354206,15.400877542879936,0.7715617715617715,2.728360590347028,0.2763157894736842,9.728759473474272,0.5202952029520295
Callum Hudson-Odoi,MID,45.63380281690141,1.5129486597001363,13.575647432985008,0.817810086324398,11.326669695592912,0.8375451263537906,0.3271240345297592,0.125,6.297137664697865,0.6493506493506493
Chris Wood,FWD,25.010080645161292,2.056451612903226,1.6633064516129032,0.21169354838709678,7.227822580645161,0.7907949790794979,0.7862903225806451,0.3076923076923077,1.6633064516129032,0.4
Elliot Anderson,MID,65.84245076586433,1.3129102844638951,4.2013129102844635,0.6892778993435449,7.811816192560175,0.7394957983193278,1.0831509846827134,0.1818181818181818,5.021881838074398,0.5424836601307189
Jota Silva,FWD,42.75,2.4642857142857144,0.0,0.0,0.0,0.0,0.0,0.0,0.0,0.0
Morgan Gibbs-White,MID,55.46066619418851,1.9454287739192062,7.4627923458540035,0.1913536498936924,13.458540042523031,0.7014218009478673,0.8610914245216159,0.1481481481481481,12.119064493267187,0.4210526315789473
Murillo,DEF,56.267627702914446,0.7051081165778752,2.876841115637731,0.19743027264180507,5.894703854591037,0.9138755980861244,0.2820432466311501,0.4,3.130680037605766,0.7297297297297297
Neco Williams,DEF,57.92664092664093,1.2857142857142856,3.544401544401545,0.10424710424710425,6.35907335907336,0.7431693989071039,0.10424710424710425,0.3333333333333333,6.185328185328185,0.3820224719101123
Nicolás Domínguez,MID,58.29441624365482,0.9593908629441624,3.2436548223350257,1.233502538071066,6.85279187817259,0.5266666666666666,0.0,0.0,3.8375634517766497,0.6785714285714286
Nikola Milenkovic,DEF,38.75675675675676,0.7837837837837838,5.45945945945946,0.9189189189189189,9.81081081081081,0.7988980716253443,0.6216216216216216,0.2608695652173913,7.243243243243243,0.6156716417910447
Ola Aina,DEF,54.3056943056943,0.32967032967032966,0.989010989010989,0.32967032967032966,3.056943056943057,0.6862745098039216,0.14985014985014986,0.0,2.3976023976023977,0.5125
Ramón Sosa,FWD,56.04982206405694,3.5231316725978647,0.0,0.0,0.0,0.0,0.0,0.0,0.0,0.0
Ryan Yates,MID,52.70483193277311,1.559873949579832,6.80672268907563,1.370798319327731,18.009453781512605,0.7611548556430446,0.5199579831932774,0.3636363636363636,10.115546218487395,0.5233644859813084
Taiwo Awoniyi,FWD,44.55,2.25,0.0,0.0,0.0,0.0,0.0,0.0,0.0,0.0
Albert Grønbæk,FWD,27.06293706293706,1.2587412587412588,0.0,0.0,0.0,0.0,0.0,0.0,0.0,0.0
Ben Brereton,FWD,43.191964285714285,2.2098214285714284,0.0,0.0,0.0,0.0,0.0,0.0,0.0,0.0
Cameron Archer,FWD,28.34497206703911,1.8226256983240223,3.833798882681564,0.8798882681564246,8.610335195530727,0.4963503649635036,0.0,0.0,1.8226256983240223,0.7241379310344828
Chiedozie Ogbene,FWD,29.625,0.0,0.0,0.0,0.0,0.0,0.0,0.0,0.0,0.0
Flynn Downes,MID,59.080779944289695,0.41782729805013924,7.9805013927576605,0.6685236768802229,14.707520891364902,0.7982954545454546,0.3760445682451254,0.0,2.9665738161559885,0.647887323943662
Jack Stephens,DEF,71.987087517934,0.2582496413199426,4.45480631276901,1.3558106169296986,11.233859397417504,0.6954022988505747,0.06456241032998565,0.0,6.068866571018651,0.6702127659574468
James Bree,DEF,59.97204100652377,0.33550792171481825,4.026095060577819,1.929170549860205,16.943150046598323,0.7425742574257426,2.348555452003728,0.1785714285714285,10.568499534016775,0.5476190476190477
Jan Bednarek,DEF,74.09467455621302,0.1775147928994083,17.53846153846154,0.8520710059171598,16.2603550295858,0.7248908296943232,0.3905325443786982,0.4545454545454545,4.4733727810650885,0.5793650793650794
Joe Aribo,MID,60.5203171456888,0.7581764122893955,5.128840436075322,0.535183349851338,7.626362735381566,0.7192982456140351,1.4271555996035679,0.21875,10.257680872150644,0.4826086956521739
Kamaldeen Sulemana,MID,42.311522048364154,1.856330014224751,17.667140825035563,0.8961593172119487,28.997155049786628,0.7615894039735099,4.800853485064011,0.1466666666666666,18.17923186344239,0.4225352112676056
Kyle Walker-Peters,DEF,66.19096509240246,0.6160164271047228,5.297741273100616,0.27720739219712526,14.075975359342916,0.7286652078774617,2.3100616016427105,0.2,7.731006160164272,0.4581673306772908
Lesley Ugochukwu,MID,50.35456730769231,0.5408653846153847,14.38701923076923,1.7848557692307692,16.55048076923077,0.6895424836601307,0.703125,0.2307692307692307,7.409855769230769,0.5328467153284672
Mateus Fernandes,MID,59.13669064748202,1.2949640287769786,8.54059609455293,0.5241521068859198,13.319630010277493,0.6967592592592593,1.8191161356628982,0.1694915254237288,10.853031860226105,0.4829545454545454
Paul Onuachu,FWD,42.58620689655172,2.9310344827586206,18.879310344827587,0.7758620689655172,31.551724137931036,0.860655737704918,9.310344827586206,0.3148148148148148,16.982758620689655,0.4517766497461929
Ross Stewart,FWD,37.63636363636363,2.103896103896104,0.0,0.0,0.0,0.0,0.0,0.0,0.0,0.0
Ryan Manning,DEF,62.963215258855584,0.49046321525885556,24.33923705722071,1.2261580381471389,32.002724795640326,0.8793103448275862,0.18392370572207084,0.0,2.8814713896457764,0.574468085106383
Taylor Harwood-Bellis,DEF,80.26166902404526,0.6364922206506365,7.765205091937765,1.113861386138614,18.744695898161243,0.801358234295416,0.38189533239038187,0.1666666666666666,7.765205091937765,0.5901639344262295
Tyler Dibling,FWD,48.217716115261474,1.3447171824973319,7.588046958377801,0.9124866595517609,14.695837780149414,0.6666666666666666,5.042689434364995,0.1809523809523809,10.661686232657416,0.5945945945945946
Yukinari Sugawara,DEF,63.376205787781345,0.8102893890675241,6.366559485530547,1.0418006430868167,11.7491961414791,0.7980295566502463,0.11575562700964631,0.5,8.45016077170418,0.5068493150684932
Archie Gray,MID,68.62306368330464,0.05163511187607572,4.853700516351118,1.2908777969018934,14.251290877796903,0.605072463768116,2.8915662650602405,0.2678571428571428,7.590361445783132,0.5850340136054422
Ben Davies,DEF,80.796992481203,0.3383458646616541,3.3834586466165413,0.8796992481203008,6.293233082706767,0.6989247311827957,1.488721804511278,0.0909090909090909,8.796992481203008,0.4
Brennan Johnson,MID,37.83386874713171,2.2303809086737036,10.119320789352914,1.0738871041762277,35.68609453877926,0.7488425925925926,3.5107847636530516,0.1294117647058823,12.680128499311612,0.4918566775244299
Cristian Romero,DEF,89.87323943661971,1.0140845070422535,7.859154929577464,0.44366197183098594,21.802816901408452,0.9011627906976744,0.5070422535211268,0.125,9.253521126760564,0.5205479452054794
Dejan Kulusevski,MID,53.60100376411543,1.769134253450439,6.097867001254706,0.8281053952321205,11.555834378920952,0.8501628664495114,0.7151819322459222,0.2105263157894736,7.6787954830614815,0.6176470588235294
Destiny Udogie,DEF,68.42050750906266,0.2330398757120663,9.088555152770585,1.7244950802692907,17.058518902123254,0.8060109289617486,3.0761263593992747,0.1818181818181818,9.554634904194717,0.5073170731707317
Djed Spence,DEF,76.67597765363129,0.5027932960893855,2.6145251396648046,0.35195530726256985,7.793296089385476,0.5548387096774193,0.3016759776536313,0.1666666666666666,5.681564245810056,0.3628318584070796
Dominic Solanke,FWD,30.598368087035357,2.447869446962829,6.650045330915684,0.3671804170444243,19.378966455122395,0.8105263157894737,0.9791477787851315,0.25,7.914777878513146,0.4278350515463917
James Maddison,MID,78.45264317180617,1.9328193832599119,6.343612334801763,2.0319383259911894,13.034140969162994,0.5057034220532319,0.04955947136563877,0.0,7.582599118942731,0.6274509803921569
Lucas Bergvall,MID,71.56716417910448,0.8955223880597015,7.985074626865671,1.8656716417910446,21.34328358208955,0.7657342657342657,6.119402985074626,0.2804878048780488,11.567164179104477,0.567741935483871
Mathys Tel,FWD,44.65498357064622,2.267250821467689,6.60460021905805,1.6757940854326396,17.64512595837897,0.8044692737430168,1.2814895947426068,0.2307692307692307,12.519167579408542,0.5748031496062992
Micky van de Ven,DEF,80.98231827111984,0.5304518664047151,4.862475442043222,1.3261296660117878,21.30648330058939,0.7510373443983402,1.149312377210216,0.3076923076923077,14.94106090373281,0.4556213017751479
Mikey Moore,FWD,38.89196675900277,0.7479224376731303,0.0,0.0,0.0,0.0,0.0,0.0,0.0,0.0
Pape Sarr,MID,63.089388395190795,1.59958180867747,13.220073183481444,0.47046523784631467,10.632514375326712,0.7389380530973452,0.1411395713538944,0.0,3.0109775222164137,0.65625
Pedro Porro,DEF,80.50996932515338,1.3458588957055215,6.177147239263804,1.276840490797546,12.388803680981596,0.8133704735376045,2.7607361963190185,0.275,6.763803680981595,0.5306122448979592
Radu Dragusin,DEF,70.79136690647482,0.3597122302158273,4.820143884892087,0.14388489208633093,8.992805755395683,0.728,0.5755395683453237,0.375,8.273381294964029,0.3478260869565217
Richarlison,FWD,34.92,3.06,0.0,0.0,0.0,0.0,0.0,0.0,0.0,0.0
Rodrigo Bentancur,MID,74.15607985480943,1.1978221415607986,0.925589836660617,0.27223230490018147,3.702359346642468,0.5882352941176471,0.054446460980036304,0.0,4.954627949183303,0.5164835164835165
Son Heung-Min,MID,51.762759924385634,2.4243856332703215,7.528355387523629,0.4678638941398866,9.995274102079396,0.7574468085106383,2.6370510396975426,0.1612903225806451,9.102079395085065,0.4065420560747663
Wilson Odobert,FWD,43.67491166077738,1.3780918727915195,0.0,0.0,0.0,0.0,0.0,0.0,0.0,0.0
Yves Bissouma,MID,69.62989323843416,0.704626334519573,3.4590747330960854,0.9608540925266904,7.750889679715303,0.7272727272727273,1.1530249110320285,0.2222222222222222,5.7010676156583635,0.4382022471910112
Aaron Wan-Bissaka,DEF,68.142041851617,0.45656309448319593,7.162333544705136,1.8833227647431832,14.239061509194672,0.7655310621242485,2.168674698795181,0.2105263157894736,7.390615091946735,0.6177606177606177
Carlos Soler,MID,53.97435897435898,1.6025641025641026,3.782051282051282,0.8974358974358975,18.333333333333332,0.6748251748251748,1.2820512820512822,0.4,10.512820512820513,0.6219512195121951
Crysencio Summerville,FWD,48.11538461538461,1.6153846153846152,0.0,0.0,0.0,0.0,0.0,0.0,0.0,0.0
Danny Ings,FWD,50.33333333333333,4.666666666666667,0.0,0.0,0.0,0.0,0.0,0.0,0.0,0.0
Edson Álvarez,MID,65.03649635036497,0.6064008983717013,9.550814149354295,1.5665356541268949,22.740033688938798,0.7644444444444445,1.768669286917462,0.0571428571428571,18.950028074115664,0.4933333333333333
Evan Ferguson,FWD,40.46511627906977,2.7906976744186047,0.0,0.0,0.0,0.0,0.0,0.0,0.0,0.0
Guido Rodríguez,MID,57.27272727272727,0.6233766233766234,10.285714285714285,3.116883116883117,10.129870129870131,0.5615384615384615,0.23376623376623376,0.0,5.454545454545455,0.6142857142857143
James Ward-Prowse,MID,68.0,0.9375,3.5625,0.3125,8.5625,0.583941605839416,0.6875,0.0909090909090909,6.75,0.4814814814814814
Jarrod Bowen,MID,42.62839879154078,2.6283987915407856,3.3836858006042294,0.7854984894259819,3.0513595166163143,0.594059405940594,0.09063444108761329,0.0,3.202416918429003,0.5849056603773585
Jean-Clair Todibo,DEF,66.20972146368105,0.24576734025122884,4.571272528672856,0.09830693610049153,9.781540141998908,0.6080402010050251,1.27799016930639,0.1923076923076923,8.454396504642272,0.377906976744186
Konstantinos Mavropanos,DEF,69.58762886597938,0.7952871870397643,3.622974963181149,0.5301914580265096,7.908689248895434,0.6145251396648045,0.6185567010309279,0.2857142857142857,3.667157584683358,0.4578313253012048
Lucas Paquetá,MID,72.9739932885906,1.5478187919463087,7.2860738255033555,0.26426174496644295,17.328020134228186,0.8235294117647058,1.2080536912751678,0.34375,11.023489932885907,0.4178082191780822
Maximilian Kilman,DEF,65.14183338309944,0.3493580173186026,0.32248432367871005,0.4299790982382801,1.3436846819946253,0.46,0.026873693639892508,0.0,0.8062108091967751,0.4
Michail Antonio,FWD,34.76303317535545,2.0260663507109005,0.0,0.0,0.0,0.0,0.0,0.0,0.0,0.0
Mohammed Kudus,MID,52.179930795847746,2.5951557093425603,7.404844290657439,1.6955017301038064,20.934256055363324,0.8165289256198347,0.34602076124567477,0.4,11.937716262975778,0.5797101449275363
Niclas Füllkrug,FWD,33.46446700507614,1.8274111675126903,0.0,0.0,0.0,0.0,0.0,0.0,0.0,0.0
Tomás Soucek,MID,46.82101167315175,1.9260700389105059,4.167315175097277,0.3852140077821012,3.571984435797665,0.6862745098039216,0.0,0.0,1.5058365758754864,0.6976744186046512
Vladimír Coufal,DEF,65.23091423185673,0.5937794533459001,5.344015080113101,0.8482563619227144,6.192271442035815,0.6301369863013698,3.901979264844486,0.1521739130434782,5.85296889726673,0.4782608695652174
André,MID,62.427536231884055,0.3623188405797101,4.27536231884058,1.3405797101449275,8.18840579710145,0.8451327433628318,0.0,0.0,8.51449275362319,0.6
Emmanuel Agbadou,DEF,76.60524450744153,0.44649184975194894,11.545003543586109,0.8291991495393338,42.73564847625797,0.744776119402985,2.870304748405386,0.2,18.688873139617293,0.4914675767918088
Jean-Ricner Bellegarde,MID,49.47055324211779,1.1778703152885188,3.4800713860797146,2.248661511005354,14.509220701963118,0.6236162361623616,0.6424747174301011,0.4166666666666667,7.870315288518738,0.5238095238095238
João Gomes,DEF,64.90123870103784,1.0545698024774022,3.766320723133579,0.6930030130565785,11.329092735185807,0.776595744680851,0.48208905256109813,0.1875,7.92433880147305,0.4068441064638783
Jørgen Strand Larsen,FWD,27.46056175452097,1.8699499807618314,5.748364755675259,0.4848018468641785,13.989996152366295,0.7846534653465347,1.83532127741439,0.2264150943396226,7.687572143131973,0.4144144144144144
Mario Lemina,MID,56.3903154805576,1.1885546588407925,1.5187087307410123,0.3961848862802641,4.292002934702862,0.5846153846153846,0.6603081438004402,0.3,5.41452677916361,0.4512195121951219
Marshall Munetsi,MID,32.69694161260426,1.835032437442076,22.604263206672844,0.5004633920296571,63.14179796107506,0.808454425363276,2.919369786839666,0.1714285714285714,14.346617238183503,0.3895348837209302
Matheus Cunha,MID,60.542307692307695,3.807692307692308,5.434615384615385,0.5192307692307693,15.265384615384615,0.8435374149659864,1.3846153846153846,0.225,5.1923076923076925,0.4866666666666667
Matt Doherty,DEF,67.21249408424042,0.4259346900141978,1.7037387600567913,0.5537150970184571,5.7075248461902515,0.7089552238805971,0.5963085660198769,0.2142857142857142,2.9389493610979653,0.5217391304347826
Nélson Semedo,DEF,56.56520235212729,0.560359737115185,1.9301279833967484,0.9028017986855759,9.121411276374957,0.8191126279863481,0.18678657903839502,0.3333333333333333,6.101694915254237,0.5459183673469388
Rayan Aït-Nouri,DEF,66.62935721138471,1.0361368724016629,1.5254237288135593,0.37416053725615606,5.583626479053406,0.7835051546391752,0.5180684362008314,0.0555555555555555,1.6117684681803646,0.4821428571428571
Santiago Bueno,DEF,55.96908442330558,0.3210463733650416,7.7051129607609985,1.4982164090368608,17.39001189060642,0.8553846153846154,0.9631391200951248,0.3888888888888889,11.343638525564804,0.4811320754716981
Toti Gomes,DEF,72.61950286806884,0.2409177820267686,6.539196940726578,1.066921606118547,23.162523900573614,0.6983655274888558,3.2007648183556405,0.2473118279569892,6.780114722753346,0.4974619289340101
